{
  "mode": "extrapolate",
  "opaque": false,
  "len_8": {
    "metrics": {
      "mae_bits": 0.01644701324403286,
      "mae_std": 0.028963761404156685
    },
    "per_position": {
      "1": {
        "H_model_mean": 4.087448596954346,
        "H_bayes_mean": 4.087462841250341,
        "mae_mean": 1.4422655112866778e-05,
        "count": 2000
      },
      "2": {
        "H_model_mean": 4.009944915771484,
        "H_bayes_mean": 4.0131949889974985,
        "mae_mean": 0.0032626986503601074,
        "count": 2000
      },
      "3": {
        "H_model_mean": 2.772770404815674,
        "H_bayes_mean": 2.8251613885439584,
        "mae_mean": 0.053798608481884,
        "count": 2000
      },
      "4": {
        "H_model_mean": 2.159797191619873,
        "H_bayes_mean": 2.198729208687982,
        "mae_mean": 0.0389321967959404,
        "count": 2000
      },
      "5": {
        "H_model_mean": 2.053133726119995,
        "H_bayes_mean": 2.0625980726456965,
        "mae_mean": 0.009982552379369736,
        "count": 2000
      },
      "6": {
        "H_model_mean": 2.0491883754730225,
        "H_bayes_mean": 2.0453310132187497,
        "mae_mean": 0.0038993172347545624,
        "count": 2000
      },
      "7": {
        "H_model_mean": 2.051069736480713,
        "H_bayes_mean": 2.0458907390524694,
        "mae_mean": 0.005239290650933981,
        "count": 2000
      }
    }
  },
  "len_16": {
    "metrics": {
      "mae_bits": 0.4824426472187042,
      "mae_std": 1.2597439289093018
    },
    "per_position": {
      "1": {
        "H_model_mean": 4.087448596954346,
        "H_bayes_mean": 4.087462841250341,
        "mae_mean": 1.4165640095598064e-05,
        "count": 2000
      },
      "2": {
        "H_model_mean": 4.018578052520752,
        "H_bayes_mean": 4.021044436796579,
        "mae_mean": 0.002488828729838133,
        "count": 2000
      },
      "3": {
        "H_model_mean": 2.7984189987182617,
        "H_bayes_mean": 2.847761290346627,
        "mae_mean": 0.0511501245200634,
        "count": 2000
      },
      "4": {
        "H_model_mean": 2.1957099437713623,
        "H_bayes_mean": 2.2339642392036407,
        "mae_mean": 0.038277845829725266,
        "count": 2000
      },
      "5": {
        "H_model_mean": 2.0999794006347656,
        "H_bayes_mean": 2.109359306729353,
        "mae_mean": 0.009784712456166744,
        "count": 2000
      },
      "6": {
        "H_model_mean": 2.1042168140411377,
        "H_bayes_mean": 2.1004863041493076,
        "mae_mean": 0.003757322672754526,
        "count": 2000
      },
      "7": {
        "H_model_mean": 2.1040468215942383,
        "H_bayes_mean": 2.0990260414819897,
        "mae_mean": 0.005093836225569248,
        "count": 2000
      },
      "8": {
        "H_model_mean": 2.104384660720825,
        "H_bayes_mean": 2.098920118004146,
        "mae_mean": 0.0055646589025855064,
        "count": 2000
      },
      "9": {
        "H_model_mean": 2.189404010772705,
        "H_bayes_mean": 2.098912710134708,
        "mae_mean": 0.09053394943475723,
        "count": 2000
      },
      "10": {
        "H_model_mean": 2.617157220840454,
        "H_bayes_mean": 2.0989122051417852,
        "mae_mean": 0.5183000564575195,
        "count": 2000
      },
      "11": {
        "H_model_mean": 3.270357847213745,
        "H_bayes_mean": 2.098912171363636,
        "mae_mean": 1.1714731454849243,
        "count": 2000
      },
      "12": {
        "H_model_mean": 3.483153820037842,
        "H_bayes_mean": 2.0989121691371166,
        "mae_mean": 1.3842757940292358,
        "count": 2000
      },
      "13": {
        "H_model_mean": 3.464848279953003,
        "H_bayes_mean": 2.0989121689920522,
        "mae_mean": 1.3659660816192627,
        "count": 2000
      },
      "14": {
        "H_model_mean": 3.4168500900268555,
        "H_bayes_mean": 2.0989121689826877,
        "mae_mean": 1.3179694414138794,
        "count": 2000
      },
      "15": {
        "H_model_mean": 3.370877981185913,
        "H_bayes_mean": 2.0989121689820505,
        "mae_mean": 1.2719897031784058,
        "count": 2000
      }
    }
  },
  "len_32": {
    "metrics": {
      "mae_bits": 0.434251606464386,
      "mae_std": 1.2131236791610718
    },
    "per_position": {
      "1": {
        "H_model_mean": 4.087448596954346,
        "H_bayes_mean": 4.087462841250341,
        "mae_mean": 1.4421701052924618e-05,
        "count": 2000
      },
      "2": {
        "H_model_mean": 4.016989707946777,
        "H_bayes_mean": 4.019836829442875,
        "mae_mean": 0.002869266550987959,
        "count": 2000
      },
      "3": {
        "H_model_mean": 2.7975571155548096,
        "H_bayes_mean": 2.8489688977003316,
        "mae_mean": 0.05300760641694069,
        "count": 2000
      },
      "4": {
        "H_model_mean": 2.180324077606201,
        "H_bayes_mean": 2.2196351335087,
        "mae_mean": 0.039311185479164124,
        "count": 2000
      },
      "5": {
        "H_model_mean": 2.0917978286743164,
        "H_bayes_mean": 2.1012733561274084,
        "mae_mean": 0.009880428202450275,
        "count": 2000
      },
      "6": {
        "H_model_mean": 2.0899038314819336,
        "H_bayes_mean": 2.08619211160688,
        "mae_mean": 0.003794043557718396,
        "count": 2000
      },
      "7": {
        "H_model_mean": 2.089782476425171,
        "H_bayes_mean": 2.0847207844881495,
        "mae_mean": 0.005129277240484953,
        "count": 2000
      },
      "8": {
        "H_model_mean": 2.0902099609375,
        "H_bayes_mean": 2.0846140583051675,
        "mae_mean": 0.005654657259583473,
        "count": 2000
      },
      "9": {
        "H_model_mean": 2.167372465133667,
        "H_bayes_mean": 2.084606594292007,
        "mae_mean": 0.08281634002923965,
        "count": 2000
      },
      "10": {
        "H_model_mean": 2.565885305404663,
        "H_bayes_mean": 2.084606085471498,
        "mae_mean": 0.4813378155231476,
        "count": 2000
      },
      "11": {
        "H_model_mean": 3.223573923110962,
        "H_bayes_mean": 2.084606051437313,
        "mae_mean": 1.1389952898025513,
        "count": 2000
      },
      "12": {
        "H_model_mean": 3.4148130416870117,
        "H_bayes_mean": 2.084606049193915,
        "mae_mean": 1.3302289247512817,
        "count": 2000
      },
      "13": {
        "H_model_mean": 3.409006357192993,
        "H_bayes_mean": 2.0846060490477516,
        "mae_mean": 1.3244271278381348,
        "count": 2000
      },
      "14": {
        "H_model_mean": 3.3327648639678955,
        "H_bayes_mean": 2.084606049038317,
        "mae_mean": 1.248191475868225,
        "count": 2000
      },
      "15": {
        "H_model_mean": 3.3016200065612793,
        "H_bayes_mean": 2.0846060490376743,
        "mae_mean": 1.2170424461364746,
        "count": 2000
      },
      "16": {
        "H_model_mean": 3.318249464035034,
        "H_bayes_mean": 2.0846060490376734,
        "mae_mean": 1.2336658239364624,
        "count": 2000
      },
      "17": {
        "H_model_mean": 3.333601474761963,
        "H_bayes_mean": 2.0846060490376734,
        "mae_mean": 1.2490187883377075,
        "count": 2000
      },
      "18": {
        "H_model_mean": 3.3545174598693848,
        "H_bayes_mean": 2.0846060490376734,
        "mae_mean": 1.269938349723816,
        "count": 2000
      },
      "19": {
        "H_model_mean": 4.087424278259277,
        "H_bayes_mean": 4.087462841250341,
        "mae_mean": 3.830451532849111e-05,
        "count": 1020
      },
      "20": {
        "H_model_mean": 4.087433815002441,
        "H_bayes_mean": 4.087462841250341,
        "mae_mean": 2.8850517992395908e-05,
        "count": 1020
      },
      "21": {
        "H_model_mean": 4.08741569519043,
        "H_bayes_mean": 4.087462841250341,
        "mae_mean": 4.749531944980845e-05,
        "count": 1020
      },
      "22": {
        "H_model_mean": 4.087406158447266,
        "H_bayes_mean": 4.087462841250341,