{
  "mode": "extrapolate",
  "opaque": false,
  "len_8": {
    "metrics": {
      "mae_bits": 0.016023335978388786,
      "mae_std": 0.027760792523622513
    },
    "per_position": {
      "1": {
        "H_model_mean": 4.0874457359313965,
        "H_bayes_mean": 4.087462841250341,
        "mae_mean": 1.7243146430701017e-05,
        "count": 2000
      },
      "2": {
        "H_model_mean": 4.013760566711426,
        "H_bayes_mean": 4.016817811058612,
        "mae_mean": 0.0030573043040931225,
        "count": 2000
      },
      "3": {
        "H_model_mean": 2.7916245460510254,
        "H_bayes_mean": 2.8412410868133877,
        "mae_mean": 0.05147299915552139,
        "count": 2000
      },
      "4": {
        "H_model_mean": 2.1216201782226562,
        "H_bayes_mean": 2.1593758253239757,
        "mae_mean": 0.03777191787958145,
        "count": 2000
      },
      "5": {
        "H_model_mean": 2.030623197555542,
        "H_bayes_mean": 2.0405260273349475,
        "mae_mean": 0.010413780808448792,
        "count": 2000
      },
      "6": {
        "H_model_mean": 2.030895709991455,
        "H_bayes_mean": 2.026965410751527,
        "mae_mean": 0.003996963147073984,
        "count": 2000
      },
      "7": {
        "H_model_mean": 2.0307722091674805,
        "H_bayes_mean": 2.02545557501,
        "mae_mean": 0.005433133337646723,
        "count": 2000
      }
    }
  },
  "len_16": {
    "metrics": {
      "mae_bits": 0.48330390453338623,
      "mae_std": 1.2692204713821411
    },
    "per_position": {
      "1": {
        "H_model_mean": 4.0874457359313965,
        "H_bayes_mean": 4.087462841250341,
        "mae_mean": 1.7032623873092234e-05,
        "count": 2000
      },
      "2": {
        "H_model_mean": 4.01560115814209,
        "H_bayes_mean": 4.01862922208917,
        "mae_mean": 0.003028042381629348,
        "count": 2000
      },
      "3": {
        "H_model_mean": 2.780019521713257,
        "H_bayes_mean": 2.828682846511625,
        "mae_mean": 0.05113827437162399,
        "count": 2000
      },
      "4": {
        "H_model_mean": 2.151275873184204,
        "H_bayes_mean": 2.1882127288553948,
        "mae_mean": 0.03693966567516327,
        "count": 2000
      },
      "5": {
        "H_model_mean": 2.0815272331237793,
        "H_bayes_mean": 2.090939979463654,
        "mae_mean": 0.009963464923202991,
        "count": 2000
      },
      "6": {
        "H_model_mean": 2.075740337371826,
        "H_bayes_mean": 2.0718805320693763,
        "mae_mean": 0.003926238510757685,
        "count": 2000
      },
      "7": {
        "H_model_mean": 2.0756218433380127,
        "H_bayes_mean": 2.0704142661005203,
        "mae_mean": 0.005284273996949196,
        "count": 2000
      },
      "8": {
        "H_model_mean": 2.077392578125,
        "H_bayes_mean": 2.0703079103803406,
        "mae_mean": 0.007125460542738438,
        "count": 2000
      },
      "9": {
        "H_model_mean": 2.1749541759490967,
        "H_bayes_mean": 2.070300472434527,
        "mae_mean": 0.10468553006649017,
        "count": 2000
      },
      "10": {
        "H_model_mean": 2.6182861328125,
        "H_bayes_mean": 2.070299965398869,
        "mae_mean": 0.5480234026908875,
        "count": 2000
      },
      "11": {
        "H_model_mean": 3.301858901977539,
        "H_bayes_mean": 2.070299931484468,
        "mae_mean": 1.2315813302993774,
        "count": 2000
      },
      "12": {
        "H_model_mean": 3.4500625133514404,
        "H_bayes_mean": 2.0702999292489865,
        "mae_mean": 1.3797855377197266,
        "count": 2000
      },
      "13": {
        "H_model_mean": 3.4069559574127197,
        "H_bayes_mean": 2.07029992910334,
        "mae_mean": 1.3366780281066895,
        "count": 2000
      },
      "14": {
        "H_model_mean": 3.3443124294281006,
        "H_bayes_mean": 2.0702999290939377,
        "mae_mean": 1.274036169052124,
        "count": 2000
      },
      "15": {
        "H_model_mean": 3.3276216983795166,
        "H_bayes_mean": 2.0702999290932986,
        "mae_mean": 1.2573466300964355,
        "count": 2000
      }
    }
  },
  "len_32": {
    "metrics": {
      "mae_bits": 0.47996675968170166,
      "mae_std": 1.2754241228103638
    },
    "per_position": {
      "1": {
        "H_model_mean": 4.087445259094238,
        "H_bayes_mean": 4.087462841250341,
        "mae_mean": 1.7374277376802638e-05,
        "count": 2000
      },
      "2": {
        "H_model_mean": 4.02138614654541,
        "H_bayes_mean": 4.024063455180841,
        "mae_mean": 0.0026771409902721643,
        "count": 2000
      },
      "3": {
        "H_model_mean": 2.799431324005127,
        "H_bayes_mean": 2.8483245483861,
        "mae_mean": 0.05166739970445633,
        "count": 2000
      },
      "4": {
        "H_model_mean": 2.0835907459259033,
        "H_bayes_mean": 2.1229136700678484,
        "mae_mean": 0.03933800384402275,
        "count": 2000
      },
      "5": {
        "H_model_mean": 1.9615211486816406,
        "H_bayes_mean": 1.971918686351866,
        "mae_mean": 0.010826469399034977,
        "count": 2000
      },
      "6": {
        "H_model_mean": 1.9657071828842163,
        "H_bayes_mean": 1.9616300143730663,
        "mae_mean": 0.004126652609556913,
        "count": 2000
      },
      "7": {
        "H_model_mean": 1.9637080430984497,
        "H_bayes_mean": 1.9600608024997086,
        "mae_mean": 0.007477927021682262,
        "count": 2000
      },
      "8": {
        "H_model_mean": 1.966062068939209,
        "H_bayes_mean": 1.959946974663172,
        "mae_mean": 0.0061938646249473095,
        "count": 2000
      },
      "9": {
        "H_model_mean": 2.0619423389434814,
        "H_bayes_mean": 1.9599390139238468,
        "mae_mean": 0.10204031318426132,
        "count": 2000
      },
      "10": {
        "H_model_mean": 2.5661239624023438,
        "H_bayes_mean": 1.959938471238424,
        "mae_mean": 0.6062261462211609,
        "count": 2000
      },
      "11": {
        "H_model_mean": 3.2803826332092285,
        "H_bayes_mean": 1.9599384349389084,
        "mae_mean": 1.3204782009124756,
        "count": 2000
      },
      "12": {
        "H_model_mean": 3.406503915786743,
        "H_bayes_mean": 1.9599384325461808,
        "mae_mean": 1.4465910196304321,
        "count": 2000
      },
      "13": {
        "H_model_mean": 3.3690590858459473,
        "H_bayes_mean": 1.9599384323902873,
        "mae_mean": 1.4091377258300781,
        "count": 2000
      },
      "14": {
        "H_model_mean": 3.30212140083313,
        "H_bayes_mean": 1.9599384323802242,
        "mae_mean": 1.3422033786773682,
        "count": 2000
      },
      "15": {
        "H_model_mean": 3.275228977203369,
        "H_bayes_mean": 1.959938432379539,
        "mae_mean": 1.3153105974197388,
        "count": 2000
      },
      "16": {
        "H_model_mean": 3.262875556945801,
        "H_bayes_mean": 1.9599384323795381,
        "mae_mean": 1.302959680557251,
        "count": 2000
      },
      "17": {
        "H_model_mean": 3.2758662700653076,
        "H_bayes_mean": 1.9599384323795381,
        "mae_mean": 1.3159540891647339,
        "count": 2000
      },
      "18": {
        "H_model_mean": 3.307741165161133,
        "H_bayes_mean": 1.9599384323795381,
        "mae_mean": 1.347825050354004,
        "count": 2000
      },
      "19": {
        "H_model_mean": 4.087433815002441,
        "H_bayes_mean": 4.087462841250341,
        "mae_mean": 2.8848398869740777e-05,
        "count": 959
      },
      "20": {
        "H_model_mean": 4.08743953704834,
        "H_bayes_mean": 4.087462841250341,
        "mae_mean": 2.354948992433492e-05,
        "count": 959
      },
      "21": {
        "H_model_mean": 4.0874342918396,
        "H_bayes_mean": 4.087462841250341,
        "mae_mean": 2.888668495870661e-05,
        "count": 959
      },
      "22": {
        "H_model_mean": 4.087430477142334,
        "H_bayes_mean": 4.087462841250341,