{
  "mode": "horizon",
  "opaque": false,
  "metrics": {
    "mae_bits": 0.44353875517845154,
    "mae_std": 1.1837036609649658
  },
  "per_position": {
    "1": {
      "H_model_mean": 4.0874481201171875,
      "H_bayes_mean": 4.087462841250341,
      "mae_mean": 1.4836311493127141e-05,
      "count": 2000
    },
    "2": {
      "H_model_mean": 3.996580123901367,
      "H_bayes_mean": 4.000515111783598,
      "mae_mean": 0.0039350297302007675,
      "count": 2000
    },
    "3": {
      "H_model_mean": 2.7831685543060303,
      "H_bayes_mean": 2.82888557469852,
      "mae_mean": 0.04791664332151413,
      "count": 2000
    },
    "4": {
      "H_model_mean": 2.049623489379883,
      "H_bayes_mean": 2.098143462087695,
      "mae_mean": 0.04863002151250839,
      "count": 2000
    },
    "5": {
      "H_model_mean": 1.936911940574646,
      "H_bayes_mean": 1.937080979615377,
      "mae_mean": 0.003014800138771534,
      "count": 2000
    },
    "6": {
      "H_model_mean": 3.142332077026367,
      "H_bayes_mean": 1.9227951371318375,
      "mae_mean": 1.2353224754333496,
      "count": 2000
    },
    "7": {
      "H_model_mean": 3.66165828704834,
      "H_bayes_mean": 1.9212296103424018,
      "mae_mean": 1.7659374475479126,
      "count": 2000
    }
  },
  "trained_mae": 0.02070226620289759,
  "untrained_mae": 1.500629961490631
}