{
  "mode": "extrapolate",
  "opaque": true,
  "len_8": {
    "metrics": {
      "mae_bits": 0.9675619602203369,
      "mae_std": 1.4922457933425903
    },
    "per_position": {
      "1": {
        "H_model_mean": 4.087451934814453,
        "H_bayes_mean": 4.087462841250341,
        "mae_mean": 1.0599374945741147e-05,
        "count": 2000
      },
      "2": {
        "H_model_mean": 4.020539283752441,
        "H_bayes_mean": 4.024063455180841,
        "mae_mean": 0.0035243253223598003,
        "count": 2000
      },
      "3": {
        "H_model_mean": 3.7875282764434814,
        "H_bayes_mean": 2.8393688573267624,
        "mae_mean": 0.9673961400985718,
        "count": 2000
      },
      "4": {
        "H_model_mean": 3.69035005569458,
        "H_bayes_mean": 2.22969091446405,
        "mae_mean": 1.5129839181900024,
        "count": 2000
      },
      "5": {
        "H_model_mean": 3.499011278152466,
        "H_bayes_mean": 2.1133406624636013,
        "mae_mean": 1.5301510095596313,
        "count": 2000
      },
      "6": {
        "H_model_mean": 3.4214673042297363,
        "H_bayes_mean": 2.104565617253682,
        "mae_mean": 1.4069052934646606,
        "count": 2000
      },
      "7": {
        "H_model_mean": 3.368563175201416,
        "H_bayes_mean": 2.103112913749456,
        "mae_mean": 1.3519623279571533,
        "count": 2000
      }
    }
  },
  "len_16": {
    "metrics": {
      "mae_bits": 1.3551247119903564,
      "mae_std": 1.7488900423049927
    },
    "per_position": {
      "1": {
        "H_model_mean": 4.087451934814453,
        "H_bayes_mean": 4.087462841250341,
        "mae_mean": 1.0654687685018871e-05,
        "count": 2000
      },
      "2": {
        "H_model_mean": 4.022314071655273,
        "H_bayes_mean": 4.025874866211399,
        "mae_mean": 0.003560955636203289,
        "count": 2000
      },
      "3": {
        "H_model_mean": 3.833937406539917,
        "H_bayes_mean": 2.8572599666267493,
        "mae_mean": 0.9922938942909241,
        "count": 2000
      },
      "4": {
        "H_model_mean": 3.7506728172302246,
        "H_bayes_mean": 2.1657222950111334,
        "mae_mean": 1.634685754776001,
        "count": 2000
      },
      "5": {
        "H_model_mean": 3.5442512035369873,
        "H_bayes_mean": 2.044815480902819,
        "mae_mean": 1.6524180173873901,
        "count": 2000
      },
      "6": {
        "H_model_mean": 3.4617788791656494,
        "H_bayes_mean": 2.031070014030557,
        "mae_mean": 1.5230627059936523,
        "count": 2000
      },
      "7": {
        "H_model_mean": 3.404500722885132,
        "H_bayes_mean": 2.0295442820320693,
        "mae_mean": 1.4629080295562744,
        "count": 2000
      },
      "8": {
        "H_model_mean": 3.5894663333892822,
        "H_bayes_mean": 2.0294336064876464,
        "mae_mean": 1.632678747177124,
        "count": 2000
      },
      "9": {
        "H_model_mean": 3.6545350551605225,
        "H_bayes_mean": 2.029425866130264,
        "mae_mean": 1.681185245513916,
        "count": 2000
      },
      "10": {
        "H_model_mean": 3.6358656883239746,
        "H_bayes_mean": 2.0294253384644283,
        "mae_mean": 1.682132601737976,
        "count": 2000
      },
      "11": {
        "H_model_mean": 3.4676947593688965,
        "H_bayes_mean": 2.0294253031693557,
        "mae_mean": 1.5344010591506958,
        "count": 2000
      },
      "12": {
        "H_model_mean": 3.7028098106384277,
        "H_bayes_mean": 2.0294253008428265,
        "mae_mean": 1.7249717712402344,
        "count": 2000
      },
      "13": {
        "H_model_mean": 3.6829583644866943,
        "H_bayes_mean": 2.0294253006912455,
        "mae_mean": 1.6880598068237305,
        "count": 2000
      },
      "14": {
        "H_model_mean": 3.6095077991485596,
        "H_bayes_mean": 2.0294253006814613,
        "mae_mean": 1.6151868104934692,
        "count": 2000
      },
      "15": {
        "H_model_mean": 3.4863431453704834,
        "H_bayes_mean": 2.0294253006807947,
        "mae_mean": 1.4993150234222412,
        "count": 2000
      }
    }
  },
  "len_32": {
    "metrics": {
      "mae_bits": 0.9465019702911377,
      "mae_std": 1.5801935195922852
    },
    "per_position": {
      "1": {
        "H_model_mean": 4.087451934814453,
        "H_bayes_mean": 4.087462841250341,
        "mae_mean": 1.0581255082797725e-05,
        "count": 2000
      },
      "2": {
        "H_model_mean": 3.999990463256836,
        "H_bayes_mean": 4.004741737521566,
        "mae_mean": 0.004751258995383978,
        "count": 2000
      },
      "3": {
        "H_model_mean": 3.759026050567627,
        "H_bayes_mean": 2.8210766725368184,
        "mae_mean": 0.95893394947052,
        "count": 2000
      },
      "4": {
        "H_model_mean": 3.639345407485962,
        "H_bayes_mean": 2.194864925528547,
        "mae_mean": 1.4976415634155273,
        "count": 2000
      },
      "5": {
        "H_model_mean": 3.4355404376983643,
        "H_bayes_mean": 2.078585115149412,
        "mae_mean": 1.5203419923782349,
        "count": 2000
      },
      "6": {
        "H_model_mean": 3.3647844791412354,
        "H_bayes_mean": 2.065737062556117,
        "mae_mean": 1.3983486890792847,
        "count": 2000
      },
      "7": {
        "H_model_mean": 3.3167364597320557,
        "H_bayes_mean": 2.066325788422777,
        "mae_mean": 1.341488242149353,
        "count": 2000
      },
      "8": {
        "H_model_mean": 3.491469144821167,
        "H_bayes_mean": 2.066220376526213,
        "mae_mean": 1.4903473854064941,
        "count": 2000
      },
      "9": {
        "H_model_mean": 3.5434162616729736,
        "H_bayes_mean": 2.0662130047504035,
        "mae_mean": 1.525589942932129,
        "count": 2000
      },
      "10": {
        "H_model_mean": 3.512401819229126,
        "H_bayes_mean": 2.066212502233588,
        "mae_mean": 1.5122097730636597,
        "count": 2000
      },
      "11": {
        "H_model_mean": 3.3705649375915527,
        "H_bayes_mean": 2.066212468621854,
        "mae_mean": 1.4108664989471436,
        "count": 2000
      },
      "12": {
        "H_model_mean": 3.586027145385742,
        "H_bayes_mean": 2.066212466406344,
        "mae_mean": 1.5664606094360352,
        "count": 2000
      },
      "13": {
        "H_model_mean": 3.5704944133758545,
        "H_bayes_mean": 2.0662124662619994,
        "mae_mean": 1.5345295667648315,
        "count": 2000
      },
      "14": {
        "H_model_mean": 3.497670888900757,
        "H_bayes_mean": 2.066212466252681,
        "mae_mean": 1.462892770767212,
        "count": 2000
      },
      "15": {
        "H_model_mean": 3.3943169116973877,
        "H_bayes_mean": 2.0662124662520482,
        "mae_mean": 1.3661551475524902,
        "count": 2000
      },
      "16": {
        "H_model_mean": 3.579728841781616,
        "H_bayes_mean": 2.066212466252047,
        "mae_mean": 1.5642404556274414,
        "count": 2000
      },
      "17": {
        "H_model_mean": 3.351139545440674,
        "H_bayes_mean": 2.066212466252047,
        "mae_mean": 1.3359962701797485,
        "count": 2000
      },
      "18": {
        "H_model_mean": 3.4696381092071533,
        "H_bayes_mean": 2.066212466252047,
        "mae_mean": 1.4393922090530396,
        "count": 2000
      },
      "19": {
        "H_model_mean": 4.055909156799316,
        "H_bayes_mean": 4.087462841250341,
        "mae_mean": 0.031553708016872406,
        "count": 1011
      },
      "20": {
        "H_model_mean": 4.057350158691406,
        "H_bayes_mean": 4.087462841250341,
        "mae_mean": 0.030112460255622864,
        "count": 1011
      },
      "21": {
        "H_model_mean": 4.049192905426025,
        "H_bayes_mean": 4.087462841250341,
        "mae_mean": 0.03827020525932312,
        "count": 1011
      },
      "22": {
        "H_model_mean": 4.039277076721191,
        "H_bayes_mean": 4.087462841250341,
        "mae_mean": 0.04818573594093323,