{
  "mechanism": "none",
  "control": false,
  "subsidy_lambda": 0.0,
  "loss_horizon": 5,
  "train_seq_len": 16,
  "metrics": {
    "mae_bits": 1.252514362335205,
    "mae_std": 1.505807876586914
  },
  "per_position": {
    "1": {
      "H_model_mean": 4.087015628814697,
      "H_bayes_mean": 4.087462841250341,
      "mae_mean": 0.0004471175780054182,
      "count": 2000
    },
    "2": {
      "H_model_mean": 3.9998693466186523,
      "H_bayes_mean": 4.008364559582679,
      "mae_mean": 0.009073554538190365,
      "count": 2000
    },
    "3": {
      "H_model_mean": 3.0976486206054688,
      "H_bayes_mean": 2.8371563708062477,
      "mae_mean": 0.5662297606468201,
      "count": 2000
    },
    "4": {
      "H_model_mean": 2.1025469303131104,
      "H_bayes_mean": 2.130896306075631,
      "mae_mean": 0.38243839144706726,
      "count": 2000
    },
    "5": {
      "H_model_mean": 2.0936062335968018,
      "H_bayes_mean": 2.0080384459381437,
      "mae_mean": 0.2766816318035126,
      "count": 2000
    },
    "6": {
      "H_model_mean": 3.0488359928131104,
      "H_bayes_mean": 1.996323933709198,
      "mae_mean": 1.5259426832199097,
      "count": 2000
    },
    "7": {
      "H_model_mean": 3.662532329559326,
      "H_bayes_mean": 1.9948006501752047,
      "mae_mean": 1.8564220666885376,
      "count": 2000
    },
    "8": {
      "H_model_mean": 3.5208423137664795,
      "H_bayes_mean": 1.9946901582366365,
      "mae_mean": 1.8166987895965576,
      "count": 2000
    },
    "9": {
      "H_model_mean": 3.380547285079956,
      "H_bayes_mean": 1.9946824310048845,
      "mae_mean": 1.741851806640625,
      "count": 2000
    },
    "10": {
      "H_model_mean": 3.2587010860443115,
      "H_bayes_mean": 1.9946819042479143,
      "mae_mean": 1.7403178215026855,
      "count": 2000
    },
    "11": {
      "H_model_mean": 3.147367000579834,
      "H_bayes_mean": 1.994681869014349,
      "mae_mean": 1.725771427154541,
      "count": 2000
    },
    "12": {
      "H_model_mean": 3.440908908843994,
      "H_bayes_mean": 1.9946818666919117,
      "mae_mean": 1.7794560194015503,
      "count": 2000
    },
    "13": {
      "H_model_mean": 3.3696107864379883,
      "H_bayes_mean": 1.9946818665405992,
      "mae_mean": 1.7475061416625977,
      "count": 2000
    },
    "14": {
      "H_model_mean": 3.654404640197754,
      "H_bayes_mean": 1.9946818665308315,
      "mae_mean": 1.8565818071365356,
      "count": 2000
    },
    "15": {
      "H_model_mean": 3.173722267150879,
      "H_bayes_mean": 1.994681866530167,
      "mae_mean": 1.762294888496399,
      "count": 2000
    }
  },
  "wall_metrics": {
    "trained_mae": 0.24697409120271913,
    "untrained_mae": 1.755284345149994,
    "wall_ratio": 7.107159850663189,
    "wall_sharpness": 1.249261051416397
  },
  "erosion_fraction": 0.9255224408455709
}