{
  "mechanism": "none",
  "control": false,
  "subsidy_lambda": 0.0,
  "loss_horizon": 15,
  "train_seq_len": 16,
  "metrics": {
    "mae_bits": 0.10157434642314911,
    "mae_std": 0.3510251045227051
  },
  "per_position": {
    "1": {
      "H_model_mean": 4.086660385131836,
      "H_bayes_mean": 4.087462841250341,
      "mae_mean": 0.000802412279881537,
      "count": 2000
    },
    "2": {
      "H_model_mean": 3.9931752681732178,
      "H_bayes_mean": 4.008364559582679,
      "mae_mean": 0.015189222060143948,
      "count": 2000
    },
    "3": {
      "H_model_mean": 3.0489790439605713,
      "H_bayes_mean": 2.8371563708062477,
      "mae_mean": 0.5317221879959106,
      "count": 2000
    },
    "4": {
      "H_model_mean": 2.128350257873535,
      "H_bayes_mean": 2.130896306075631,
      "mae_mean": 0.4358442723751068,
      "count": 2000
    },
    "5": {
      "H_model_mean": 1.9460150003433228,
      "H_bayes_mean": 2.0080384459381437,
      "mae_mean": 0.24887308478355408,
      "count": 2000
    },
    "6": {
      "H_model_mean": 1.9518898725509644,
      "H_bayes_mean": 1.996323933709198,
      "mae_mean": 0.091220922768116,
      "count": 2000
    },
    "7": {
      "H_model_mean": 1.97294282913208,
      "H_bayes_mean": 1.9948006501752047,
      "mae_mean": 0.05319305509328842,
      "count": 2000
    },
    "8": {
      "H_model_mean": 1.9759212732315063,
      "H_bayes_mean": 1.9946901582366365,
      "mae_mean": 0.043109990656375885,
      "count": 2000
    },
    "9": {
      "H_model_mean": 1.9939696788787842,
      "H_bayes_mean": 1.9946824310048845,
      "mae_mean": 0.04714426398277283,
      "count": 2000
    },
    "10": {
      "H_model_mean": 1.9925822019577026,
      "H_bayes_mean": 1.9946819042479143,
      "mae_mean": 0.017190994694828987,
      "count": 2000
    },
    "11": {
      "H_model_mean": 1.9951540231704712,
      "H_bayes_mean": 1.994681869014349,
      "mae_mean": 0.010766036808490753,
      "count": 2000
    },
    "12": {
      "H_model_mean": 1.9945149421691895,
      "H_bayes_mean": 1.9946818666919117,
      "mae_mean": 0.010394874960184097,
      "count": 2000
    },
    "13": {
      "H_model_mean": 1.998478651046753,
      "H_bayes_mean": 1.9946818665405992,
      "mae_mean": 0.006029983516782522,
      "count": 2000
    },
    "14": {
      "H_model_mean": 1.9981321096420288,
      "H_bayes_mean": 1.9946818665308315,
      "mae_mean": 0.006316084414720535,
      "count": 2000
    },
    "15": {
      "H_model_mean": 1.9989272356033325,
      "H_bayes_mean": 1.994681866530167,
      "mae_mean": 0.005817942321300507,
      "count": 2000
    }
  },
  "wall_metrics": {
    "trained_mae": 0.1015743552474305,
    "untrained_mae": 0.0,
    "wall_ratio": 0.0,
    "wall_sharpness": 0.0
  },
  "erosion_fraction": 1.0121951219512195
}