{
  "mechanism": "classify",
  "control": false,
  "subsidy_lambda": 0.1,
  "loss_horizon": 5,
  "train_seq_len": 16,
  "metrics": {
    "mae_bits": 1.110634684562683,
    "mae_std": 1.4203994274139404
  },
  "per_position": {
    "1": {
      "H_model_mean": 4.086886882781982,
      "H_bayes_mean": 4.087462841250341,
      "mae_mean": 0.0005762929795309901,
      "count": 2000
    },
    "2": {
      "H_model_mean": 3.999850034713745,
      "H_bayes_mean": 4.008364559582679,
      "mae_mean": 0.009768095798790455,
      "count": 2000
    },
    "3": {
      "H_model_mean": 3.1390974521636963,
      "H_bayes_mean": 2.8371563708062477,
      "mae_mean": 0.570895791053772,
      "count": 2000
    },
    "4": {
      "H_model_mean": 2.061300039291382,
      "H_bayes_mean": 2.130896306075631,
      "mae_mean": 0.3972598910331726,
      "count": 2000
    },
    "5": {
      "H_model_mean": 2.0536744594573975,
      "H_bayes_mean": 2.0080384459381437,
      "mae_mean": 0.3020876348018646,
      "count": 2000
    },
    "6": {
      "H_model_mean": 3.287869691848755,
      "H_bayes_mean": 1.996323933709198,
      "mae_mean": 1.487000584602356,
      "count": 2000
    },
    "7": {
      "H_model_mean": 3.285395622253418,
      "H_bayes_mean": 1.9948006501752047,
      "mae_mean": 1.5657734870910645,
      "count": 2000
    },
    "8": {
      "H_model_mean": 3.2749297618865967,
      "H_bayes_mean": 1.9946901582366365,
      "mae_mean": 1.5454379320144653,
      "count": 2000
    },
    "9": {
      "H_model_mean": 3.061730146408081,
      "H_bayes_mean": 1.9946824310048845,
      "mae_mean": 1.30458402633667,
      "count": 2000
    },
    "10": {
      "H_model_mean": 3.3463525772094727,
      "H_bayes_mean": 1.9946819042479143,
      "mae_mean": 1.5413522720336914,
      "count": 2000
    },
    "11": {
      "H_model_mean": 3.368178129196167,
      "H_bayes_mean": 1.994681869014349,
      "mae_mean": 1.5453253984451294,
      "count": 2000
    },
    "12": {
      "H_model_mean": 3.424055337905884,
      "H_bayes_mean": 1.9946818666919117,
      "mae_mean": 1.546017050743103,
      "count": 2000
    },
    "13": {
      "H_model_mean": 3.49482798576355,
      "H_bayes_mean": 1.9946818665405992,
      "mae_mean": 1.601135492324829,
      "count": 2000
    },
    "14": {
      "H_model_mean": 3.553133726119995,
      "H_bayes_mean": 1.9946818665308315,
      "mae_mean": 1.6386264562606812,
      "count": 2000
    },
    "15": {
      "H_model_mean": 3.515916585922241,
      "H_bayes_mean": 1.994681866530167,
      "mae_mean": 1.6036783456802368,
      "count": 2000
    }
  },
  "wall_metrics": {
    "trained_mae": 0.2561175411334261,
    "untrained_mae": 1.5378931045532227,
    "wall_ratio": 6.004637939859212,
    "wall_sharpness": 1.1849129498004913
  },
  "erosion_fraction": 0.9389678300017169
}