{
  "mechanism": "classify",
  "control": true,
  "subsidy_lambda": 0.1,
  "loss_horizon": 5,
  "train_seq_len": 16,
  "metrics": {
    "mae_bits": 1.32752525806427,
    "mae_std": 1.6255269050598145
  },
  "per_position": {
    "1": {
      "H_model_mean": 4.087017059326172,
      "H_bayes_mean": 4.087462841250341,
      "mae_mean": 0.0004458251059986651,
      "count": 2000
    },
    "2": {
      "H_model_mean": 4.001162528991699,
      "H_bayes_mean": 4.008364559582679,
      "mae_mean": 0.00906065758317709,
      "count": 2000
    },
    "3": {
      "H_model_mean": 3.1275596618652344,
      "H_bayes_mean": 2.8371563708062477,
      "mae_mean": 0.5644527077674866,
      "count": 2000
    },
    "4": {
      "H_model_mean": 2.118781328201294,
      "H_bayes_mean": 2.130896306075631,
      "mae_mean": 0.3645941913127899,
      "count": 2000
    },
    "5": {
      "H_model_mean": 2.0923421382904053,
      "H_bayes_mean": 2.0080384459381437,
      "mae_mean": 0.27685222029685974,
      "count": 2000
    },
    "6": {
      "H_model_mean": 3.457390785217285,
      "H_bayes_mean": 1.996323933709198,
      "mae_mean": 1.7269799709320068,
      "count": 2000
    },
    "7": {
      "H_model_mean": 3.9053232669830322,
      "H_bayes_mean": 1.9948006501752047,
      "mae_mean": 1.996267318725586,
      "count": 2000
    },
    "8": {
      "H_model_mean": 3.808505058288574,
      "H_bayes_mean": 1.9946901582366365,
      "mae_mean": 1.9741421937942505,
      "count": 2000
    },
    "9": {
      "H_model_mean": 3.486982822418213,
      "H_bayes_mean": 1.9946824310048845,
      "mae_mean": 1.8250585794448853,
      "count": 2000
    },
    "10": {
      "H_model_mean": 3.490023374557495,
      "H_bayes_mean": 1.9946819042479143,
      "mae_mean": 1.8445518016815186,
      "count": 2000
    },
    "11": {
      "H_model_mean": 3.3271453380584717,
      "H_bayes_mean": 1.994681869014349,
      "mae_mean": 1.8015222549438477,
      "count": 2000
    },
    "12": {
      "H_model_mean": 3.4383721351623535,
      "H_bayes_mean": 1.9946818666919117,
      "mae_mean": 1.8200058937072754,
      "count": 2000
    },
    "13": {
      "H_model_mean": 3.6455838680267334,
      "H_bayes_mean": 1.9946818665405992,
      "mae_mean": 1.880325198173523,
      "count": 2000
    },
    "14": {
      "H_model_mean": 3.879629373550415,
      "H_bayes_mean": 1.9946818665308315,
      "mae_mean": 1.9889085292816162,
      "count": 2000
    },
    "15": {
      "H_model_mean": 3.360597848892212,
      "H_bayes_mean": 1.994681866530167,
      "mae_mean": 1.8397126197814941,
      "count": 2000
    }
  },
  "wall_metrics": {
    "trained_mae": 0.2430811204132624,
    "untrained_mae": 1.8697474360466004,
    "wall_ratio": 7.691866126286737,
    "wall_sharpness": 1.450127750635147
  },
  "erosion_fraction": 0.9183918765086984
}