{
  "mechanism": "distill",
  "control": true,
  "subsidy_lambda": 0.5,
  "loss_horizon": 5,
  "train_seq_len": 16,
  "metrics": {
    "mae_bits": 1.4508165121078491,
    "mae_std": 1.7583568096160889
  },
  "per_position": {
    "1": {
      "H_model_mean": 4.087072372436523,
      "H_bayes_mean": 4.087462841250341,
      "mae_mean": 0.000390352972317487,
      "count": 2000
    },
    "2": {
      "H_model_mean": 4.000226974487305,
      "H_bayes_mean": 4.008364559582679,
      "mae_mean": 0.009519409388303757,
      "count": 2000
    },
    "3": {
      "H_model_mean": 2.7813515663146973,
      "H_bayes_mean": 2.8371563708062477,
      "mae_mean": 0.5124483108520508,
      "count": 2000
    },
    "4": {
      "H_model_mean": 1.9666284322738647,
      "H_bayes_mean": 2.130896306075631,
      "mae_mean": 0.23069745302200317,
      "count": 2000
    },
    "5": {
      "H_model_mean": 2.0179004669189453,
      "H_bayes_mean": 2.0080384459381437,
      "mae_mean": 0.17193341255187988,
      "count": 2000
    },
    "6": {
      "H_model_mean": 3.8762173652648926,
      "H_bayes_mean": 1.996323933709198,
      "mae_mean": 2.077725648880005,
      "count": 2000
    },
    "7": {
      "H_model_mean": 3.838423252105713,
      "H_bayes_mean": 1.9948006501752047,
      "mae_mean": 2.085514783859253,
      "count": 2000
    },
    "8": {
      "H_model_mean": 3.849018096923828,
      "H_bayes_mean": 1.9946901582366365,
      "mae_mean": 2.0808751583099365,
      "count": 2000
    },
    "9": {
      "H_model_mean": 3.8841214179992676,
      "H_bayes_mean": 1.9946824310048845,
      "mae_mean": 2.0840327739715576,
      "count": 2000
    },
    "10": {
      "H_model_mean": 3.8877127170562744,
      "H_bayes_mean": 1.9946819042479143,
      "mae_mean": 2.0853826999664307,
      "count": 2000
    },
    "11": {
      "H_model_mean": 3.8698618412017822,
      "H_bayes_mean": 1.994681869014349,
      "mae_mean": 2.0853052139282227,
      "count": 2000
    },
    "12": {
      "H_model_mean": 3.9001049995422363,
      "H_bayes_mean": 1.9946818666919117,
      "mae_mean": 2.0846447944641113,
      "count": 2000
    },
    "13": {
      "H_model_mean": 3.924687385559082,
      "H_bayes_mean": 1.9946818665405992,
      "mae_mean": 2.084062337875366,
      "count": 2000
    },
    "14": {
      "H_model_mean": 3.8646366596221924,
      "H_bayes_mean": 1.9946818665308315,
      "mae_mean": 2.08359694480896,
      "count": 2000
    },
    "15": {
      "H_model_mean": 3.8991332054138184,
      "H_bayes_mean": 1.994681866530167,
      "mae_mean": 2.0861191749572754,
      "count": 2000
    }
  },
  "wall_metrics": {
    "trained_mae": 0.18499778775731102,
    "untrained_mae": 2.0837259531021117,
    "wall_ratio": 11.263518220205118,
    "wall_sharpness": 1.905792236328125
  },
  "erosion_fraction": 0.8748351436560351
}