{
  "mechanism": "distill",
  "control": false,
  "subsidy_lambda": 0.5,
  "loss_horizon": 5,
  "train_seq_len": 16,
  "metrics": {
    "mae_bits": 0.1050492525100708,
    "mae_std": 0.38233181834220886
  },
  "per_position": {
    "1": {
      "H_model_mean": 4.087019920349121,
      "H_bayes_mean": 4.087462841250341,
      "mae_mean": 0.0004430482513271272,
      "count": 2000
    },
    "2": {
      "H_model_mean": 3.9974257946014404,
      "H_bayes_mean": 4.008364559582679,
      "mae_mean": 0.011267622001469135,
      "count": 2000
    },
    "3": {
      "H_model_mean": 3.0120575428009033,
      "H_bayes_mean": 2.8371563708062477,
      "mae_mean": 0.5091161131858826,
      "count": 2000
    },
    "4": {
      "H_model_mean": 2.0771591663360596,
      "H_bayes_mean": 2.130896306075631,
      "mae_mean": 0.39018499851226807,
      "count": 2000
    },
    "5": {
      "H_model_mean": 1.9336345195770264,
      "H_bayes_mean": 2.0080384459381437,
      "mae_mean": 0.21419066190719604,
      "count": 2000
    },
    "6": {
      "H_model_mean": 1.8874521255493164,
      "H_bayes_mean": 1.996323933709198,
      "mae_mean": 0.1264326423406601,
      "count": 2000
    },
    "7": {
      "H_model_mean": 1.9067604541778564,
      "H_bayes_mean": 1.9948006501752047,
      "mae_mean": 0.0987795740365982,
      "count": 2000
    },
    "8": {
      "H_model_mean": 1.9288792610168457,
      "H_bayes_mean": 1.9946901582366365,
      "mae_mean": 0.07484618574380875,
      "count": 2000
    },
    "9": {
      "H_model_mean": 1.944984793663025,
      "H_bayes_mean": 1.9946824310048845,
      "mae_mean": 0.07070555537939072,
      "count": 2000
    },
    "10": {
      "H_model_mean": 1.976987600326538,
      "H_bayes_mean": 1.9946819042479143,
      "mae_mean": 0.024695320054888725,
      "count": 2000
    },
    "11": {
      "H_model_mean": 1.9793251752853394,
      "H_bayes_mean": 1.994681869014349,
      "mae_mean": 0.021145587787032127,
      "count": 2000
    },
    "12": {
      "H_model_mean": 1.9874732494354248,
      "H_bayes_mean": 1.9946818666919117,
      "mae_mean": 0.012827533297240734,
      "count": 2000
    },
    "13": {
      "H_model_mean": 1.9925001859664917,
      "H_bayes_mean": 1.9946818665405992,
      "mae_mean": 0.007610194850713015,
      "count": 2000
    },
    "14": {
      "H_model_mean": 1.9931392669677734,
      "H_bayes_mean": 1.9946818665308315,
      "mae_mean": 0.006880332715809345,
      "count": 2000
    },
    "15": {
      "H_model_mean": 1.9935675859451294,
      "H_bayes_mean": 1.994681866530167,
      "mae_mean": 0.006613562814891338,
      "count": 2000
    }
  },
  "wall_metrics": {
    "trained_mae": 0.22504048877162858,
    "untrained_mae": 0.045053648902103303,
    "wall_ratio": 0.2002024131214175,
    "wall_sharpness": -0.08775801956653595
  },
  "erosion_fraction": 1.0097536291082754
}