{
  "mechanism": "entropy",
  "control": true,
  "subsidy_lambda": 0.1,
  "loss_horizon": 5,
  "train_seq_len": 16,
  "metrics": {
    "mae_bits": 1.4776662588119507,
    "mae_std": 1.8974217176437378
  },
  "per_position": {
    "1": {
      "H_model_mean": 4.086994171142578,
      "H_bayes_mean": 4.087462841250341,
      "mae_mean": 0.0004688384651672095,
      "count": 2000
    },
    "2": {
      "H_model_mean": 4.000482559204102,
      "H_bayes_mean": 4.008364559582679,
      "mae_mean": 0.009748413227498531,
      "count": 2000
    },
    "3": {
      "H_model_mean": 3.1380410194396973,
      "H_bayes_mean": 2.8371563708062477,
      "mae_mean": 0.5565786361694336,
      "count": 2000
    },
    "4": {
      "H_model_mean": 2.128692388534546,
      "H_bayes_mean": 2.130896306075631,
      "mae_mean": 0.3936939537525177,
      "count": 2000
    },
    "5": {
      "H_model_mean": 2.0982494354248047,
      "H_bayes_mean": 2.0080384459381437,
      "mae_mean": 0.28079918026924133,
      "count": 2000
    },
    "6": {
      "H_model_mean": 4.0796217918396,
      "H_bayes_mean": 1.996323933709198,
      "mae_mean": 2.0908701419830322,
      "count": 2000
    },
    "7": {
      "H_model_mean": 4.080252170562744,
      "H_bayes_mean": 1.9948006501752047,
      "mae_mean": 2.0924794673919678,
      "count": 2000
    },
    "8": {
      "H_model_mean": 4.080685138702393,
      "H_bayes_mean": 1.9946901582366365,
      "mae_mean": 2.0925753116607666,
      "count": 2000
    },
    "9": {
      "H_model_mean": 4.081058502197266,
      "H_bayes_mean": 1.9946824310048845,
      "mae_mean": 2.0925753116607666,
      "count": 2000
    },
    "10": {
      "H_model_mean": 4.080541610717773,
      "H_bayes_mean": 1.9946819042479143,
      "mae_mean": 2.092547655105591,
      "count": 2000
    },
    "11": {
      "H_model_mean": 4.080613136291504,
      "H_bayes_mean": 1.994681869014349,
      "mae_mean": 2.092559576034546,
      "count": 2000
    },
    "12": {
      "H_model_mean": 4.080876350402832,
      "H_bayes_mean": 1.9946818666919117,
      "mae_mean": 2.0924758911132812,
      "count": 2000
    },
    "13": {
      "H_model_mean": 4.081366062164307,
      "H_bayes_mean": 1.9946818665405992,
      "mae_mean": 2.0925376415252686,
      "count": 2000
    },
    "14": {
      "H_model_mean": 4.082064151763916,
      "H_bayes_mean": 1.9946818665308315,
      "mae_mean": 2.0925064086914062,
      "count": 2000
    },
    "15": {
      "H_model_mean": 4.081001281738281,
      "H_bayes_mean": 1.994681866530167,
      "mae_mean": 2.092578649520874,
      "count": 2000
    }
  },
  "wall_metrics": {
    "trained_mae": 0.24825780437677167,
    "untrained_mae": 2.09237060546875,
    "wall_ratio": 8.428216831778778,
    "wall_sharpness": 1.810070961713791
  },
  "erosion_fraction": 0.9094119898563564
}