{
  "mechanism": "entropy",
  "control": false,
  "subsidy_lambda": 0.1,
  "loss_horizon": 5,
  "train_seq_len": 16,
  "metrics": {
    "mae_bits": 0.3112311065196991,
    "mae_std": 0.6605710387229919
  },
  "per_position": {
    "1": {
      "H_model_mean": 4.0868964195251465,
      "H_bayes_mean": 4.087462841250341,
      "mae_mean": 0.0005662050098180771,
      "count": 2000
    },
    "2": {
      "H_model_mean": 3.995030403137207,
      "H_bayes_mean": 4.008364559582679,
      "mae_mean": 0.013575113378465176,
      "count": 2000
    },
    "3": {
      "H_model_mean": 3.2525243759155273,
      "H_bayes_mean": 2.8371563708062477,
      "mae_mean": 0.567216157913208,
      "count": 2000
    },
    "4": {
      "H_model_mean": 2.3157384395599365,
      "H_bayes_mean": 2.130896306075631,
      "mae_mean": 0.6998025178909302,
      "count": 2000
    },
    "5": {
      "H_model_mean": 2.1430630683898926,
      "H_bayes_mean": 2.0080384459381437,
      "mae_mean": 0.6709504127502441,
      "count": 2000
    },
    "6": {
      "H_model_mean": 1.9046263694763184,
      "H_bayes_mean": 1.996323933709198,
      "mae_mean": 0.9471054077148438,
      "count": 2000
    },
    "7": {
      "H_model_mean": 1.9016517400741577,
      "H_bayes_mean": 1.9948006501752047,
      "mae_mean": 0.7051495313644409,
      "count": 2000
    },
    "8": {
      "H_model_mean": 1.9246288537979126,
      "H_bayes_mean": 1.9946901582366365,
      "mae_mean": 0.46499863266944885,
      "count": 2000
    },
    "9": {
      "H_model_mean": 1.9329286813735962,
      "H_bayes_mean": 1.9946824310048845,
      "mae_mean": 0.27976158261299133,
      "count": 2000
    },
    "10": {
      "H_model_mean": 1.969409704208374,
      "H_bayes_mean": 1.9946819042479143,
      "mae_mean": 0.11895794421434402,
      "count": 2000
    },
    "11": {
      "H_model_mean": 1.9840373992919922,
      "H_bayes_mean": 1.994681869014349,
      "mae_mean": 0.0676775723695755,
      "count": 2000
    },
    "12": {
      "H_model_mean": 1.9933655261993408,
      "H_bayes_mean": 1.9946818666919117,
      "mae_mean": 0.04203545302152634,
      "count": 2000
    },
    "13": {
      "H_model_mean": 2.0017712116241455,
      "H_bayes_mean": 1.9946818665405992,
      "mae_mean": 0.03040793165564537,
      "count": 2000
    },
    "14": {
      "H_model_mean": 2.001891851425171,
      "H_bayes_mean": 1.9946818665308315,
      "mae_mean": 0.02985038049519062,
      "count": 2000
    },
    "15": {
      "H_model_mean": 2.000138521194458,
      "H_bayes_mean": 1.994681866530167,
      "mae_mean": 0.03041183017194271,
      "count": 2000
    }
  },
  "wall_metrics": {
    "trained_mae": 0.3904220813885331,
    "untrained_mae": 0.27163562662899493,
    "wall_ratio": 0.6957486258536528,
    "wall_sharpness": 0.2761549949645996
  },
  "erosion_fraction": 1.0037103826115408
}