{
  "mechanism": "smooth",
  "control": false,
  "subsidy_lambda": 0.1,
  "loss_horizon": 5,
  "train_seq_len": 16,
  "metrics": {
    "mae_bits": 1.657888412475586,
    "mae_std": 1.8995482921600342
  },
  "per_position": {
    "1": {
      "H_model_mean": 4.08688497543335,
      "H_bayes_mean": 4.087462841250341,
      "mae_mean": 0.000578127393964678,
      "count": 2000
    },
    "2": {
      "H_model_mean": 3.9951908588409424,
      "H_bayes_mean": 4.008364559582679,
      "mae_mean": 0.013173433020710945,
      "count": 2000
    },
    "3": {
      "H_model_mean": 3.738868236541748,
      "H_bayes_mean": 2.8371563708062477,
      "mae_mean": 0.9439264535903931,
      "count": 2000
    },
    "4": {
      "H_model_mean": 3.49279522895813,
      "H_bayes_mean": 2.130896306075631,
      "mae_mean": 1.5695462226867676,
      "count": 2000
    },
    "5": {
      "H_model_mean": 3.2898640632629395,
      "H_bayes_mean": 2.0080384459381437,
      "mae_mean": 1.5970861911773682,
      "count": 2000
    },
    "6": {
      "H_model_mean": 3.9062609672546387,
      "H_bayes_mean": 1.996323933709198,
      "mae_mean": 1.933599829673767,
      "count": 2000
    },
    "7": {
      "H_model_mean": 4.057181358337402,
      "H_bayes_mean": 1.9948006501752047,
      "mae_mean": 2.0714950561523438,
      "count": 2000
    },
    "8": {
      "H_model_mean": 4.080405235290527,
      "H_bayes_mean": 1.9946901582366365,
      "mae_mean": 2.0922510623931885,
      "count": 2000
    },
    "9": {
      "H_model_mean": 4.081437110900879,
      "H_bayes_mean": 1.9946824310048845,
      "mae_mean": 2.0921237468719482,
      "count": 2000
    },
    "10": {
      "H_model_mean": 4.081943511962891,
      "H_bayes_mean": 1.9946819042479143,
      "mae_mean": 2.092282295227051,
      "count": 2000
    },
    "11": {
      "H_model_mean": 4.08231782913208,
      "H_bayes_mean": 1.994681869014349,
      "mae_mean": 2.0924296379089355,
      "count": 2000
    },
    "12": {
      "H_model_mean": 4.082201957702637,
      "H_bayes_mean": 1.9946818666919117,
      "mae_mean": 2.0924243927001953,
      "count": 2000
    },
    "13": {
      "H_model_mean": 4.082582950592041,
      "H_bayes_mean": 1.9946818665405992,
      "mae_mean": 2.092414617538452,
      "count": 2000
    },
    "14": {
      "H_model_mean": 4.082549571990967,
      "H_bayes_mean": 1.9946818665308315,
      "mae_mean": 2.092472553253174,
      "count": 2000
    },
    "15": {
      "H_model_mean": 4.082551956176758,
      "H_bayes_mean": 1.994681866530167,
      "mae_mean": 2.0925216674804688,
      "count": 2000
    }
  },
  "wall_metrics": {
    "trained_mae": 0.8248620855738409,
    "untrained_mae": 2.074401485919952,
    "wall_ratio": 2.51484644790872,
    "wall_sharpness": 0.3365136384963989
  },
  "erosion_fraction": 0.9815262628303815
}