{
  "mechanism": "smooth",
  "control": true,
  "subsidy_lambda": 0.1,
  "loss_horizon": 5,
  "train_seq_len": 16,
  "metrics": {
    "mae_bits": 1.4124575853347778,
    "mae_std": 1.5818654298782349
  },
  "per_position": {
    "1": {
      "H_model_mean": 4.086608409881592,
      "H_bayes_mean": 4.087462841250341,
      "mae_mean": 0.0008545052842237055,
      "count": 2000
    },
    "2": {
      "H_model_mean": 3.999938488006592,
      "H_bayes_mean": 4.008364559582679,
      "mae_mean": 0.008616079576313496,
      "count": 2000
    },
    "3": {
      "H_model_mean": 3.722980499267578,
      "H_bayes_mean": 2.8371563708062477,
      "mae_mean": 0.9288643598556519,
      "count": 2000
    },
    "4": {
      "H_model_mean": 3.362820863723755,
      "H_bayes_mean": 2.130896306075631,
      "mae_mean": 1.4627083539962769,
      "count": 2000
    },
    "5": {
      "H_model_mean": 3.0511884689331055,
      "H_bayes_mean": 2.0080384459381437,
      "mae_mean": 1.3884650468826294,
      "count": 2000
    },
    "6": {
      "H_model_mean": 3.2728748321533203,
      "H_bayes_mean": 1.996323933709198,
      "mae_mean": 1.6688576936721802,
      "count": 2000
    },
    "7": {
      "H_model_mean": 3.6041505336761475,
      "H_bayes_mean": 1.9948006501752047,
      "mae_mean": 1.7818964719772339,
      "count": 2000
    },
    "8": {
      "H_model_mean": 3.395559310913086,
      "H_bayes_mean": 1.9946901582366365,
      "mae_mean": 1.7398227453231812,
      "count": 2000
    },
    "9": {
      "H_model_mean": 3.447768449783325,
      "H_bayes_mean": 1.9946824310048845,
      "mae_mean": 1.7357985973358154,
      "count": 2000
    },
    "10": {
      "H_model_mean": 3.381500005722046,
      "H_bayes_mean": 1.9946819042479143,
      "mae_mean": 1.7339816093444824,
      "count": 2000
    },
    "11": {
      "H_model_mean": 3.4210143089294434,
      "H_bayes_mean": 1.994681869014349,
      "mae_mean": 1.7263646125793457,
      "count": 2000
    },
    "12": {
      "H_model_mean": 3.4536538124084473,
      "H_bayes_mean": 1.9946818666919117,
      "mae_mean": 1.7750239372253418,
      "count": 2000
    },
    "13": {
      "H_model_mean": 3.4358878135681152,
      "H_bayes_mean": 1.9946818665405992,
      "mae_mean": 1.7343286275863647,
      "count": 2000
    },
    "14": {
      "H_model_mean": 3.5008902549743652,
      "H_bayes_mean": 1.9946818665308315,
      "mae_mean": 1.7563246488571167,
      "count": 2000
    },
    "15": {
      "H_model_mean": 3.4658145904541016,
      "H_bayes_mean": 1.994681866530167,
      "mae_mean": 1.74495530128479,
      "count": 2000
    }
  },
  "wall_metrics": {
    "trained_mae": 0.757901669119019,
    "untrained_mae": 1.7397354245185852,
    "wall_ratio": 2.29546324464603,
    "wall_sharpness": 0.2803926467895508
  },
  "erosion_fraction": 0.9842016677482192
}