{
  "mode": "horizon",
  "opaque": false,
  "metrics": {
    "mae_bits": 0.4185597896575928,
    "mae_std": 1.1598317623138428
  },
  "per_position": {
    "1": {
      "H_model_mean": 4.087447166442871,
      "H_bayes_mean": 4.087462841250341,
      "mae_mean": 1.581907235959079e-05,
      "count": 2000
    },
    "2": {
      "H_model_mean": 4.028716564178467,
      "H_bayes_mean": 4.030705295626217,
      "mae_mean": 0.001988337142392993,
      "count": 2000
    },
    "3": {
      "H_model_mean": 2.8187618255615234,
      "H_bayes_mean": 2.864967504695003,
      "mae_mean": 0.04814495891332626,
      "count": 2000
    },
    "4": {
      "H_model_mean": 2.162986993789673,
      "H_bayes_mean": 2.2087612693930376,
      "mae_mean": 0.04582905396819115,
      "count": 2000
    },
    "5": {
      "H_model_mean": 2.078183174133301,
      "H_bayes_mean": 2.079345089805684,
      "mae_mean": 0.002625187858939171,
      "count": 2000
    },
    "6": {
      "H_model_mean": 3.192129373550415,
      "H_bayes_mean": 2.065795546085008,
      "mae_mean": 1.140700101852417,
      "count": 2000
    },
    "7": {
      "H_model_mean": 3.743227481842041,
      "H_bayes_mean": 2.064286423150819,
      "mae_mean": 1.690615177154541,
      "count": 2000
    }
  },
  "trained_mae": 0.019720671391041833,
  "untrained_mae": 1.415657639503479
}