{
  "mode": "extrapolate",
  "opaque": false,
  "len_8": {
    "metrics": {
      "mae_bits": 0.01855585165321827,
      "mae_std": 0.03195253014564514
    },
    "per_position": {
      "1": {
        "H_model_mean": 4.0874433517456055,
        "H_bayes_mean": 4.087462841250341,
        "mae_mean": 1.9602775864768773e-05,
        "count": 2000
      },
      "2": {
        "H_model_mean": 4.0153961181640625,
        "H_bayes_mean": 4.01862922208917,
        "mae_mean": 0.0032331061083823442,
        "count": 2000
      },
      "3": {
        "H_model_mean": 2.77947998046875,
        "H_bayes_mean": 2.841220813994698,
        "mae_mean": 0.06237378716468811,
        "count": 2000
      },
      "4": {
        "H_model_mean": 2.1180150508880615,
        "H_bayes_mean": 2.161397312974462,
        "mae_mean": 0.04338974505662918,
        "count": 2000
      },
      "5": {
        "H_model_mean": 2.046252965927124,
        "H_bayes_mean": 2.056718468394412,
        "mae_mean": 0.010943298228085041,
        "count": 2000
      },
      "6": {
        "H_model_mean": 2.041365385055542,
        "H_bayes_mean": 2.0371771289177487,
        "mae_mean": 0.00423984881490469,
        "count": 2000
      },
      "7": {
        "H_model_mean": 2.0412821769714355,
        "H_bayes_mean": 2.0356737303920482,
        "mae_mean": 0.0056915730237960815,
        "count": 2000
      }
    }
  },
  "len_16": {
    "metrics": {
      "mae_bits": 0.45637714862823486,
      "mae_std": 1.228584885597229
    },
    "per_position": {
      "1": {
        "H_model_mean": 4.0874433517456055,
        "H_bayes_mean": 4.087462841250341,
        "mae_mean": 1.95660595636582e-05,
        "count": 2000
      },
      "2": {
        "H_model_mean": 4.009799957275391,
        "H_bayes_mean": 4.0131949889974985,
        "mae_mean": 0.003395216539502144,
        "count": 2000
      },
      "3": {
        "H_model_mean": 2.7658517360687256,
        "H_bayes_mean": 2.8287436649676936,
        "mae_mean": 0.06354903429746628,
        "count": 2000
      },
      "4": {
        "H_model_mean": 2.1364834308624268,
        "H_bayes_mean": 2.1787963389188194,
        "mae_mean": 0.04231975972652435,
        "count": 2000
      },
      "5": {
        "H_model_mean": 2.0156946182250977,
        "H_bayes_mean": 2.02619075508137,
        "mae_mean": 0.011042616330087185,
        "count": 2000
      },
      "6": {
        "H_model_mean": 2.020965814590454,
        "H_bayes_mean": 2.0167410474979772,
        "mae_mean": 0.004287755582481623,
        "count": 2000
      },
      "7": {
        "H_model_mean": 2.0209035873413086,
        "H_bayes_mean": 2.01523650225065,
        "mae_mean": 0.005713429301977158,
        "count": 2000
      },
      "8": {
        "H_model_mean": 2.0214591026306152,
        "H_bayes_mean": 2.015127370336971,
        "mae_mean": 0.006385404616594315,
        "count": 2000
      },
      "9": {
        "H_model_mean": 2.085618734359741,
        "H_bayes_mean": 2.0151197382580026,
        "mae_mean": 0.0705597996711731,
        "count": 2000
      },
      "10": {
        "H_model_mean": 2.4909582138061523,
        "H_bayes_mean": 2.015119217989458,
        "mae_mean": 0.4758748710155487,
        "count": 2000
      },
      "11": {
        "H_model_mean": 3.123030662536621,
        "H_bayes_mean": 2.015119183189989,
        "mae_mean": 1.1079421043395996,
        "count": 2000
      },
      "12": {
        "H_model_mean": 3.3824820518493652,
        "H_bayes_mean": 2.01511918089617,
        "mae_mean": 1.3673948049545288,
        "count": 2000
      },
      "13": {
        "H_model_mean": 3.344205141067505,
        "H_bayes_mean": 2.015119180746722,
        "mae_mean": 1.329128384590149,
        "count": 2000
      },
      "14": {
        "H_model_mean": 3.214108467102051,
        "H_bayes_mean": 2.0151191807370745,
        "mae_mean": 1.1990232467651367,
        "count": 2000
      },
      "15": {
        "H_model_mean": 3.1740965843200684,
        "H_bayes_mean": 2.015119180736419,
        "mae_mean": 1.159021258354187,
        "count": 2000
      }
    }
  },
  "len_32": {
    "metrics": {
      "mae_bits": 0.43681907653808594,
      "mae_std": 1.2218222618103027
    },
    "per_position": {
      "1": {
        "H_model_mean": 4.0874433517456055,
        "H_bayes_mean": 4.087462841250341,
        "mae_mean": 1.959419205377344e-05,
        "count": 2000
      },
      "2": {
        "H_model_mean": 4.004034996032715,
        "H_bayes_mean": 4.007760755905827,
        "mae_mean": 0.0037255105562508106,
        "count": 2000
      },
      "3": {
        "H_model_mean": 2.775543689727783,
        "H_bayes_mean": 2.8377601744831,
        "mae_mean": 0.06293248385190964,
        "count": 2000
      },
      "4": {
        "H_model_mean": 2.17465877532959,
        "H_bayes_mean": 2.2164102413680395,
        "mae_mean": 0.041756752878427505,
        "count": 2000
      },
      "5": {
        "H_model_mean": 2.0745322704315186,
        "H_bayes_mean": 2.0848138969454704,
        "mae_mean": 0.010831685736775398,
        "count": 2000
      },
      "6": {
        "H_model_mean": 2.075892686843872,
        "H_bayes_mean": 2.071875790161628,
        "mae_mean": 0.004206075798720121,
        "count": 2000
      },
      "7": {
        "H_model_mean": 2.0759189128875732,
        "H_bayes_mean": 2.0704139220840325,
        "mae_mean": 0.005551180336624384,
        "count": 2000
      },
      "8": {
        "H_model_mean": 2.07633113861084,
        "H_bayes_mean": 2.0703078863187456,
        "mae_mean": 0.0060803936794400215,
        "count": 2000
      },
      "9": {
        "H_model_mean": 2.146146535873413,
        "H_bayes_mean": 2.0703004707941317,
        "mae_mean": 0.07588093727827072,
        "count": 2000
      },
      "10": {
        "H_model_mean": 2.572936773300171,
        "H_bayes_mean": 2.0702999652891396,
        "mae_mean": 0.502700924873352,
        "count": 2000
      },
      "11": {
        "H_model_mean": 3.1928930282592773,
        "H_bayes_mean": 2.0702999314772352,
        "mae_mean": 1.1226181983947754,
        "count": 2000
      },
      "12": {
        "H_model_mean": 3.417404890060425,
        "H_bayes_mean": 2.070299929248516,
        "mae_mean": 1.34712815284729,
        "count": 2000
      },
      "13": {
        "H_model_mean": 3.433788537979126,
        "H_bayes_mean": 2.0702999291033093,
        "mae_mean": 1.3635265827178955,
        "count": 2000
      },
      "14": {
        "H_model_mean": 3.323742389678955,
        "H_bayes_mean": 2.070299929093936,
        "mae_mean": 1.2534769773483276,
        "count": 2000
      },
      "15": {
        "H_model_mean": 3.28939151763916,
        "H_bayes_mean": 2.0702999290932986,
        "mae_mean": 1.2191376686096191,
        "count": 2000
      },
      "16": {
        "H_model_mean": 3.283381938934326,
        "H_bayes_mean": 2.0702999290932977,
        "mae_mean": 1.2131469249725342,
        "count": 2000
      },
      "17": {
        "H_model_mean": 3.3048908710479736,
        "H_bayes_mean": 2.0702999290932977,
        "mae_mean": 1.234632968902588,
        "count": 2000
      },
      "18": {
        "H_model_mean": 3.341207504272461,
        "H_bayes_mean": 2.0702999290932977,
        "mae_mean": 1.2709554433822632,
        "count": 2000
      },
      "19": {
        "H_model_mean": 4.087409973144531,
        "H_bayes_mean": 4.087462841250341,
        "mae_mean": 5.294633956509642e-05,
        "count": 1013
      },
      "20": {
        "H_model_mean": 4.0873823165893555,
        "H_bayes_mean": 4.087462841250341,
        "mae_mean": 8.081660052994266e-05,
        "count": 1013
      },
      "21": {
        "H_model_mean": 4.087399959564209,
        "H_bayes_mean": 4.087462841250341,
        "mae_mean": 6.322446279227734e-05,
        "count": 1013
      },
      "22": {
        "H_model_mean": 4.087381839752197,
        "H_bayes_mean": 4.087462841250341,