{
  "mode": "horizon",
  "opaque": true,
  "metrics": {
    "mae_bits": 1.1560020446777344,
    "mae_std": 1.6430610418319702
  },
  "per_position": {
    "1": {
      "H_model_mean": 4.08743953704834,
      "H_bayes_mean": 4.087462841250341,
      "mae_mean": 2.3362159481621347e-05,
      "count": 2000
    },
    "2": {
      "H_model_mean": 4.012874126434326,
      "H_bayes_mean": 4.016214007381761,
      "mae_mean": 0.0033401031978428364,
      "count": 2000
    },
    "3": {
      "H_model_mean": 3.8118276596069336,
      "H_bayes_mean": 2.8472183051258435,
      "mae_mean": 0.9794007539749146,
      "count": 2000
    },
    "4": {
      "H_model_mean": 3.7373557090759277,
      "H_bayes_mean": 2.1352212881123034,
      "mae_mean": 1.6485668420791626,
      "count": 2000
    },
    "5": {
      "H_model_mean": 3.5134379863739014,
      "H_bayes_mean": 1.9920924831455782,
      "mae_mean": 1.6595699787139893,
      "count": 2000
    },
    "6": {
      "H_model_mean": 3.812055826187134,
      "H_bayes_mean": 1.9738790181376011,
      "mae_mean": 1.9078305959701538,
      "count": 2000
    },
    "7": {
      "H_model_mean": 3.7865238189697266,
      "H_bayes_mean": 1.972322222007246,
      "mae_mean": 1.893283486366272,
      "count": 2000
    }
  },
  "trained_mae": 0.8581802080250782,
  "untrained_mae": 1.900557041168213
}