{
  "mode": "horizon",
  "opaque": true,
  "metrics": {
    "mae_bits": 1.0632225275039673,
    "mae_std": 1.5964616537094116
  },
  "per_position": {
    "1": {
      "H_model_mean": 4.087430000305176,
      "H_bayes_mean": 4.087462841250341,
      "mae_mean": 3.2778501918073744e-05,
      "count": 2000
    },
    "2": {
      "H_model_mean": 4.010118007659912,
      "H_bayes_mean": 4.011987381643793,
      "mae_mean": 0.0019436622969806194,
      "count": 2000
    },
    "3": {
      "H_model_mean": 3.794966697692871,
      "H_bayes_mean": 2.8371158251688686,
      "mae_mean": 0.9692861437797546,
      "count": 2000
    },
    "4": {
      "H_model_mean": 3.680284261703491,
      "H_bayes_mean": 2.2135190132601603,
      "mae_mean": 1.5160948038101196,
      "count": 2000
    },
    "5": {
      "H_model_mean": 3.4618492126464844,
      "H_bayes_mean": 2.0909399794636534,
      "mae_mean": 1.5212517976760864,
      "count": 2000
    },
    "6": {
      "H_model_mean": 3.820378065109253,
      "H_bayes_mean": 2.0800486420936206,
      "mae_mean": 1.7675034999847412,
      "count": 2000
    },
    "7": {
      "H_model_mean": 3.7089130878448486,
      "H_bayes_mean": 2.078588698668429,
      "mae_mean": 1.666445016860962,
      "count": 2000
    }
  },
  "trained_mae": 0.8017218372129719,
  "untrained_mae": 1.7169742584228516
}