{
  "mode": "extrapolate",
  "opaque": true,
  "len_8": {
    "metrics": {
      "mae_bits": 0.9727226495742798,
      "mae_std": 1.494172215461731
    },
    "per_position": {
      "1": {
        "H_model_mean": 4.0874528884887695,
        "H_bayes_mean": 4.087462841250341,
        "mae_mean": 9.579658581060357e-06,
        "count": 2000
      },
      "2": {
        "H_model_mean": 4.006082057952881,
        "H_bayes_mean": 4.009572166936384,
        "mae_mean": 0.00349028198979795,
        "count": 2000
      },
      "3": {
        "H_model_mean": 3.778367280960083,
        "H_bayes_mean": 2.8269930723932046,
        "mae_mean": 0.9668093919754028,
        "count": 2000
      },
      "4": {
        "H_model_mean": 3.710031509399414,
        "H_bayes_mean": 2.234321623486716,
        "mae_mean": 1.5266011953353882,
        "count": 2000
      },
      "5": {
        "H_model_mean": 3.497429609298706,
        "H_bayes_mean": 2.1009857981493596,
        "mae_mean": 1.5452159643173218,
        "count": 2000
      },
      "6": {
        "H_model_mean": 3.4083595275878906,
        "H_bayes_mean": 2.0820859276919337,
        "mae_mean": 1.411083459854126,
        "count": 2000
      },
      "7": {
        "H_model_mean": 3.354102373123169,
        "H_bayes_mean": 2.080631962793918,
        "mae_mean": 1.355848789215088,
        "count": 2000
      }
    }
  },
  "len_16": {
    "metrics": {
      "mae_bits": 1.2801450490951538,
      "mae_std": 1.7307711839675903
    },
    "per_position": {
      "1": {
        "H_model_mean": 4.0874528884887695,
        "H_bayes_mean": 4.087462841250341,
        "mae_mean": 1.0030269550043158e-05,
        "count": 2000
      },
      "2": {
        "H_model_mean": 4.008822441101074,
        "H_bayes_mean": 4.011987381643793,
        "mae_mean": 0.0031649174634367228,
        "count": 2000
      },
      "3": {
        "H_model_mean": 3.7961206436157227,
        "H_bayes_mean": 2.829951272321398,
        "mae_mean": 0.980912446975708,
        "count": 2000
      },
      "4": {
        "H_model_mean": 3.6871869564056396,
        "H_bayes_mean": 2.1700709972981,
        "mae_mean": 1.569350004196167,
        "count": 2000
      },
      "5": {
        "H_model_mean": 3.453202247619629,
        "H_bayes_mean": 2.048447659092293,
        "mae_mean": 1.5705468654632568,
        "count": 2000
      },
      "6": {
        "H_model_mean": 3.3555381298065186,
        "H_bayes_mean": 2.0351208756884436,
        "mae_mean": 1.4117326736450195,
        "count": 2000
      },
      "7": {
        "H_model_mean": 3.3032565116882324,
        "H_bayes_mean": 2.033629090200607,
        "mae_mean": 1.352806568145752,
        "count": 2000
      },
      "8": {
        "H_model_mean": 3.4281563758850098,
        "H_bayes_mean": 2.0335208836847616,
        "mae_mean": 1.4594261646270752,
        "count": 2000
      },
      "9": {
        "H_model_mean": 3.6096243858337402,
        "H_bayes_mean": 2.033513316316844,
        "mae_mean": 1.6150398254394531,
        "count": 2000
      },
      "10": {
        "H_model_mean": 3.628901481628418,
        "H_bayes_mean": 2.0335128004592615,
        "mae_mean": 1.6216638088226318,
        "count": 2000
      },
      "11": {
        "H_model_mean": 3.3896522521972656,
        "H_bayes_mean": 2.033512765954815,
        "mae_mean": 1.3741925954818726,
        "count": 2000
      },
      "12": {
        "H_model_mean": 3.5735340118408203,
        "H_bayes_mean": 2.033512763680442,
        "mae_mean": 1.5549958944320679,
        "count": 2000
      },
      "13": {
        "H_model_mean": 3.6587424278259277,
        "H_bayes_mean": 2.0335127635322614,
        "mae_mean": 1.6373920440673828,
        "count": 2000
      },
      "14": {
        "H_model_mean": 3.6565401554107666,
        "H_bayes_mean": 2.0335127635226957,
        "mae_mean": 1.6327505111694336,
        "count": 2000
      },
      "15": {
        "H_model_mean": 3.4410557746887207,
        "H_bayes_mean": 2.0335127635220456,
        "mae_mean": 1.4181928634643555,
        "count": 2000
      }
    }
  },
  "len_32": {
    "metrics": {
      "mae_bits": 0.9807008504867554,
      "mae_std": 1.6219871044158936
    },
    "per_position": {
      "1": {
        "H_model_mean": 4.087452411651611,
        "H_bayes_mean": 4.087462841250341,
        "mae_mean": 9.98473205982009e-06,
        "count": 2000
      },
      "2": {
        "H_model_mean": 4.018506050109863,
        "H_bayes_mean": 4.021648240473431,
        "mae_mean": 0.0031427042558789253,
        "count": 2000
      },
      "3": {
        "H_model_mean": 3.806899070739746,
        "H_bayes_mean": 2.843575210246039,
        "mae_mean": 0.9791805148124695,
        "count": 2000
      },
      "4": {
        "H_model_mean": 3.6975786685943604,
        "H_bayes_mean": 2.196119987315802,
        "mae_mean": 1.5533696413040161,
        "count": 2000
      },
      "5": {
        "H_model_mean": 3.4797744750976562,
        "H_bayes_mean": 2.076994964465999,
        "mae_mean": 1.5776950120925903,
        "count": 2000
      },
      "6": {
        "H_model_mean": 3.3971617221832275,
        "H_bayes_mean": 2.059644173392169,
        "mae_mean": 1.437692642211914,
        "count": 2000
      },
      "7": {
        "H_model_mean": 3.3516600131988525,
        "H_bayes_mean": 2.0581537639702847,
        "mae_mean": 1.3734352588653564,
        "count": 2000
      },
      "8": {
        "H_model_mean": 3.4487216472625732,
        "H_bayes_mean": 2.0580456537008187,
        "mae_mean": 1.4522716999053955,
        "count": 2000
      },
      "9": {
        "H_model_mean": 3.620058536529541,
        "H_bayes_mean": 2.0580380928944804,
        "mae_mean": 1.5988320112228394,
        "count": 2000
      },
      "10": {
        "H_model_mean": 3.6412055492401123,
        "H_bayes_mean": 2.0580375774758157,
        "mae_mean": 1.6021970510482788,
        "count": 2000
      },
      "11": {
        "H_model_mean": 3.436732292175293,
        "H_bayes_mean": 2.058037543000302,
        "mae_mean": 1.3930720090866089,
        "count": 2000
      },
      "12": {
        "H_model_mean": 3.6004810333251953,
        "H_bayes_mean": 2.058037540727814,
        "mae_mean": 1.5530989170074463,
        "count": 2000
      },
      "13": {
        "H_model_mean": 3.6680009365081787,
        "H_bayes_mean": 2.0580375405797553,
        "mae_mean": 1.6169190406799316,
        "count": 2000
      },
      "14": {
        "H_model_mean": 3.6669256687164307,
        "H_bayes_mean": 2.058037540570198,
        "mae_mean": 1.6163396835327148,
        "count": 2000
      },
      "15": {
        "H_model_mean": 3.4942514896392822,
        "H_bayes_mean": 2.0580375405695475,
        "mae_mean": 1.4459365606307983,
        "count": 2000
      },
      "16": {
        "H_model_mean": 3.63338565826416,
        "H_bayes_mean": 2.0580375405695457,
        "mae_mean": 1.5861648321151733,
        "count": 2000
      },
      "17": {
        "H_model_mean": 3.612546682357788,
        "H_bayes_mean": 2.0580375405695457,
        "mae_mean": 1.5667721033096313,
        "count": 2000
      },
      "18": {
        "H_model_mean": 3.5992958545684814,
        "H_bayes_mean": 2.0580375405695457,
        "mae_mean": 1.5523556470870972,
        "count": 2000
      },
      "19": {
        "H_model_mean": 4.079097270965576,
        "H_bayes_mean": 4.087462841250341,
        "mae_mean": 0.008365713059902191,
        "count": 1007
      },
      "20": {
        "H_model_mean": 4.078914165496826,
        "H_bayes_mean": 4.087462841250341,
        "mae_mean": 0.008548619225621223,
        "count": 1007
      },
      "21": {
        "H_model_mean": 4.07061243057251,
        "H_bayes_mean": 4.087462841250341,
        "mae_mean": 0.01685011014342308,
        "count": 1007
      },
      "22": {
        "H_model_mean": 4.068291187286377,
        "H_bayes_mean": 4.087462841250341,
        "mae_mean": 0.019172126427292824,