{
  "mode": "extrapolate",
  "opaque": true,
  "len_8": {
    "metrics": {
      "mae_bits": 1.0473712682724,
      "mae_std": 1.5379382371902466
    },
    "per_position": {
      "1": {
        "H_model_mean": 4.087442398071289,
        "H_bayes_mean": 4.087462841250341,
        "mae_mean": 2.0690678866230883e-05,
        "count": 2000
      },
      "2": {
        "H_model_mean": 4.018131256103516,
        "H_bayes_mean": 4.021044436796579,
        "mae_mean": 0.002913201227784157,
        "count": 2000
      },
      "3": {
        "H_model_mean": 3.803206205368042,
        "H_bayes_mean": 2.837014461075421,
        "mae_mean": 0.9838287234306335,
        "count": 2000
      },
      "4": {
        "H_model_mean": 3.692319393157959,
        "H_bayes_mean": 2.091082223834387,
        "mae_mean": 1.650784969329834,
        "count": 2000
      },
      "5": {
        "H_model_mean": 3.481562614440918,
        "H_bayes_mean": 1.9434740802560346,
        "mae_mean": 1.6769170761108398,
        "count": 2000
      },
      "6": {
        "H_model_mean": 3.395214319229126,
        "H_bayes_mean": 1.9330305648367985,
        "mae_mean": 1.537332534790039,
        "count": 2000
      },
      "7": {
        "H_model_mean": 3.334634304046631,
        "H_bayes_mean": 1.9314494858068905,
        "mae_mean": 1.4798015356063843,
        "count": 2000
      }
    }
  },
  "len_16": {
    "metrics": {
      "mae_bits": 1.3140567541122437,
      "mae_std": 1.7079888582229614
    },
    "per_position": {
      "1": {
        "H_model_mean": 4.087441921234131,
        "H_bayes_mean": 4.087462841250341,
        "mae_mean": 2.0888090148218907e-05,
        "count": 2000
      },
      "2": {
        "H_model_mean": 4.0135321617126465,
        "H_bayes_mean": 4.016817811058613,
        "mae_mean": 0.003285604063421488,
        "count": 2000
      },
      "3": {
        "H_model_mean": 3.779412031173706,
        "H_bayes_mean": 2.8287031193303145,
        "mae_mean": 0.9703983068466187,
        "count": 2000
      },
      "4": {
        "H_model_mean": 3.7006137371063232,
        "H_bayes_mean": 2.1501381275289377,
        "mae_mean": 1.5995808839797974,
        "count": 2000
      },
      "5": {
        "H_model_mean": 3.4968597888946533,
        "H_bayes_mean": 1.9958889801796516,
        "mae_mean": 1.633101463317871,
        "count": 2000
      },
      "6": {
        "H_model_mean": 3.4047842025756836,
        "H_bayes_mean": 1.9759020780126706,
        "mae_mean": 1.5050461292266846,
        "count": 2000
      },
      "7": {
        "H_model_mean": 3.344766139984131,
        "H_bayes_mean": 1.9743644540832708,
        "mae_mean": 1.4488403797149658,
        "count": 2000
      },
      "8": {
        "H_model_mean": 3.525803327560425,
        "H_bayes_mean": 1.9742529220747072,
        "mae_mean": 1.6193979978561401,
        "count": 2000
      },
      "9": {
        "H_model_mean": 3.5687448978424072,
        "H_bayes_mean": 1.974245122111372,
        "mae_mean": 1.651229977607727,
        "count": 2000
      },
      "10": {
        "H_model_mean": 3.5782721042633057,
        "H_bayes_mean": 1.9742445903966408,
        "mae_mean": 1.6915048360824585,
        "count": 2000
      },
      "11": {
        "H_model_mean": 3.400526762008667,
        "H_bayes_mean": 1.9742445548314762,
        "mae_mean": 1.5288163423538208,
        "count": 2000
      },
      "12": {
        "H_model_mean": 3.628248929977417,
        "H_bayes_mean": 1.9742445524871821,
        "mae_mean": 1.6862772703170776,
        "count": 2000
      },
      "13": {
        "H_model_mean": 3.523851156234741,
        "H_bayes_mean": 1.9742445523344458,
        "mae_mean": 1.5722404718399048,
        "count": 2000
      },
      "14": {
        "H_model_mean": 3.386945962905884,
        "H_bayes_mean": 1.974244552324586,
        "mae_mean": 1.4421433210372925,
        "count": 2000
      },
      "15": {
        "H_model_mean": 3.3015201091766357,
        "H_bayes_mean": 1.9742445523239154,
        "mae_mean": 1.3589661121368408,
        "count": 2000
      }
    }
  },
  "len_32": {
    "metrics": {
      "mae_bits": 0.9787164926528931,
      "mae_std": 1.586344838142395
    },
    "per_position": {
      "1": {
        "H_model_mean": 4.087441921234131,
        "H_bayes_mean": 4.087462841250341,
        "mae_mean": 2.0756482626893558e-05,
        "count": 2000
      },
      "2": {
        "H_model_mean": 4.005356311798096,
        "H_bayes_mean": 4.008968363259531,
        "mae_mean": 0.0036118854768574238,
        "count": 2000
      },
      "3": {
        "H_model_mean": 3.7704920768737793,
        "H_bayes_mean": 2.8168500467988515,
        "mae_mean": 0.9730600714683533,
        "count": 2000
      },
      "4": {
        "H_model_mean": 3.686119318008423,
        "H_bayes_mean": 2.149856120793238,
        "mae_mean": 1.5854969024658203,
        "count": 2000
      },
      "5": {
        "H_model_mean": 3.4581968784332275,
        "H_bayes_mean": 1.9997265569248748,
        "mae_mean": 1.601792573928833,
        "count": 2000
      },
      "6": {
        "H_model_mean": 3.3515000343322754,
        "H_bayes_mean": 1.9840543816777554,
        "mae_mean": 1.4505788087844849,
        "count": 2000
      },
      "7": {
        "H_model_mean": 3.294741153717041,
        "H_bayes_mean": 1.9845813480715297,
        "mae_mean": 1.3899973630905151,
        "count": 2000
      },
      "8": {
        "H_model_mean": 3.538393020629883,
        "H_bayes_mean": 1.9844714559400896,
        "mae_mean": 1.6178677082061768,
        "count": 2000
      },
      "9": {
        "H_model_mean": 3.5772271156311035,
        "H_bayes_mean": 1.984463770816747,
        "mae_mean": 1.6406899690628052,
        "count": 2000
      },
      "10": {
        "H_model_mean": 3.583361864089966,
        "H_bayes_mean": 1.9844632469382246,
        "mae_mean": 1.6684387922286987,
        "count": 2000
      },
      "11": {
        "H_model_mean": 3.366826057434082,
        "H_bayes_mean": 1.9844632118975964,
        "mae_mean": 1.4732468128204346,
        "count": 2000
      },
      "12": {
        "H_model_mean": 3.619668483734131,
        "H_bayes_mean": 1.9844632095878973,
        "mae_mean": 1.6735424995422363,
        "count": 2000
      },
      "13": {
        "H_model_mean": 3.525822639465332,
        "H_bayes_mean": 1.984463209437416,
        "mae_mean": 1.5622034072875977,
        "count": 2000
      },
      "14": {
        "H_model_mean": 3.3917810916900635,
        "H_bayes_mean": 1.9844632094277015,
        "mae_mean": 1.4291486740112305,
        "count": 2000
      },
      "15": {
        "H_model_mean": 3.295046091079712,
        "H_bayes_mean": 1.984463209427041,
        "mae_mean": 1.3382529020309448,
        "count": 2000
      },
      "16": {
        "H_model_mean": 3.458087682723999,
        "H_bayes_mean": 1.98446320942704,
        "mae_mean": 1.5041749477386475,
        "count": 2000
      },
      "17": {
        "H_model_mean": 3.133286714553833,
        "H_bayes_mean": 1.98446320942704,
        "mae_mean": 1.1717028617858887,
        "count": 2000
      },
      "18": {
        "H_model_mean": 3.6445565223693848,
        "H_bayes_mean": 1.98446320942704,
        "mae_mean": 1.668494462966919,
        "count": 2000
      },
      "19": {
        "H_model_mean": 4.085796356201172,
        "H_bayes_mean": 4.087462841250341,
        "mae_mean": 0.0016662966227158904,
        "count": 971
      },
      "20": {
        "H_model_mean": 4.086131572723389,
        "H_bayes_mean": 4.087462841250341,
        "mae_mean": 0.0013314223615452647,
        "count": 971
      },
      "21": {
        "H_model_mean": 4.083751678466797,
        "H_bayes_mean": 4.087462841250341,
        "mae_mean": 0.003711031749844551,
        "count": 971
      },
      "22": {
        "H_model_mean": 4.077171802520752,
        "H_bayes_mean": 4.087462841250341,
        "mae_mean": 0.010291237384080887,