{
  "mode": "horizon",
  "opaque": true,
  "metrics": {
    "mae_bits": 1.0854582786560059,
    "mae_std": 1.6067981719970703
  },
  "per_position": {
    "1": {
      "H_model_mean": 4.087428569793701,
      "H_bayes_mean": 4.087462841250341,
      "mae_mean": 3.4357548429397866e-05,
      "count": 2000
    },
    "2": {
      "H_model_mean": 4.010881423950195,
      "H_bayes_mean": 4.014402596351203,
      "mae_mean": 0.0035211029462516308,
      "count": 2000
    },
    "3": {
      "H_model_mean": 3.8025717735290527,
      "H_bayes_mean": 2.8508208543682683,
      "mae_mean": 0.9692988395690918,
      "count": 2000
    },
    "4": {
      "H_model_mean": 3.71593976020813,
      "H_bayes_mean": 2.2232174099324347,
      "mae_mean": 1.5427075624465942,
      "count": 2000
    },
    "5": {
      "H_model_mean": 3.5040981769561768,
      "H_bayes_mean": 2.1255517477888177,
      "mae_mean": 1.5399945974349976,
      "count": 2000
    },
    "6": {
      "H_model_mean": 3.776531219482422,
      "H_bayes_mean": 2.11274004982159,
      "mae_mean": 1.761743187904358,
      "count": 2000
    },
    "7": {
      "H_model_mean": 3.889314651489258,
      "H_bayes_mean": 2.111287805006015,
      "mae_mean": 1.780908465385437,
      "count": 2000
    }
  },
  "trained_mae": 0.811111291989073,
  "untrained_mae": 1.7713258266448975
}