{
  "mode": "horizon",
  "opaque": false,
  "metrics": {
    "mae_bits": 0.4761340618133545,
    "mae_std": 1.2482928037643433
  },
  "per_position": {
    "1": {
      "H_model_mean": 4.0874433517456055,
      "H_bayes_mean": 4.087462841250341,
      "mae_mean": 1.9374132534721866e-05,
      "count": 2000
    },
    "2": {
      "H_model_mean": 4.010918140411377,
      "H_bayes_mean": 4.014402596351203,
      "mae_mean": 0.0034845920745283365,
      "count": 2000
    },
    "3": {
      "H_model_mean": 2.7743358612060547,
      "H_bayes_mean": 2.816789228342783,
      "mae_mean": 0.04451712965965271,
      "count": 2000
    },
    "4": {
      "H_model_mean": 2.1017544269561768,
      "H_bayes_mean": 2.146964892685358,
      "mae_mean": 0.0452878512442112,
      "count": 2000
    },
    "5": {
      "H_model_mean": 2.0074145793914795,
      "H_bayes_mean": 2.0078741270935447,
      "mae_mean": 0.0032331827096641064,
      "count": 2000
    },
    "6": {
      "H_model_mean": 3.5180630683898926,
      "H_bayes_mean": 1.9942692611158093,
      "mae_mean": 1.5378564596176147,
      "count": 2000
    },
    "7": {
      "H_model_mean": 3.6786272525787354,
      "H_bayes_mean": 1.9927561246559262,
      "mae_mean": 1.6985399723052979,
      "count": 2000
    }
  },
  "trained_mae": 0.019308425964118213,
  "untrained_mae": 1.6181982159614563
}